display_name_jpn,reading_jpn
地縛霊,アース・バウンド・スピリット
アーマード・スターフィッシュ,アーマード・スターフィッシュ
鎧蜥蜴,アーマー・リザード
アーメイル,アーメイル
アイアン・ハート,アイアン・ハート
アイルの小剣士,アイルのしょうけんし
朱い靴,あかいくつ
赤き剣のライムンドス,あかきけんのライムンドス
アクア・スネーク,アクア・スネーク
アクア・ドラゴン,アクア・ドラゴン
アクアの合唱,アクアのがっしょう
アクア・マドール,アクア・マドール
悪の無名戦士,あくのむめいせんし
悪魔鏡の儀式,あくまかがみのぎしき
悪魔のくちづけ,あくまのくちづけ
悪魔のサイコロ,あくまのサイコロ
悪魔の知恵,あくまのちえ
悪魔の偵察者,あくまのていさつしゃ
悪魔払い,あくまばらい
悪夢の鉄檻,あくむのてつおり
アサシン,アサシン
浅すぎた墓穴,あさすぎたはかあな
アシッドクロウラー,アシッドクロウラー
アックス・レイダー,アックス・レイダー
アブソリューター,アブソリューター
アマゾネスの射手,アマゾネスアーチャー
あまのじゃくの呪い,あまのじゃくののろい
アメーバ,アメーバ
アルラウネ,アルラウネ
暗黒火炎龍,あんこくかえんりゅう
暗黒騎士ガイア,あんこくきしガイア
暗黒の扉,あんこくのとびら
暗黒の竜王,あんこくのドラゴン
暗黒の眠りを誘うルシファー,あんこくのねむりをさそうルシファー
暗黒魔神　ナイトメア,あんこくまじん　ナイトメア
暗黒魔族ギルファー・デーモン,あんこくまぞくギルファー・デーモン
アンデット・ウォーリアー,アンデット・ウォーリアー
アンモ・ナイト,アンモ・ナイト
イースター島のモアイ,イースターとうのモアイ
怒りの海王,いかりのかいおう
生き血をすするもの,いきちをすするもの
生贄封じの仮面,いけにえふうじのかめん
異国の剣士,いこくのけんし
異次元からの侵略者,いじげんからのしんりゃくしゃ
異次元の戦士,いじげんのせんし
泉の妖精,いずみのようせい
異星の最終戦士,いせいのさいしゅうせんし
イタクァの暴風,イタクァのぼうふう
いたずら好きな双子悪魔,いたずらずきなふたごあくま
痛み分け,いたみわけ
一族の掟,いちぞくのおきて
一角獣のホーン,いっかくじゅうのホーン
稲妻の剣,いなずまのけん
命ある花瓶,いのちあるかびん
命の砂時計,いのちのすなどけい
命を食する者,いのちをしょくするもの
イビー,イビー
イビル・ラット,イビル・ラット
幻想師・ノー・フェイス,イリュージョニスト・ノー・フェイス
イリュージョン・シープ,イリュージョン・シープ
イリュージョンの儀式,イリュージョンのぎしき
岩の精霊　タイタン,いわのせいれい　タイタン
岩の戦士,いわのせんし
インセクション,インセクション
インセクト女王,インセクトクイーン
インセクトモンスタートークン,インセクトモンスタートークン
インプ,インプ
ウィジャ盤,ウィジャばん
ウィップテイル・ガーゴイル,ウィップテイル・ガーゴイル
ウィルミー,ウィルミー
ウイング・イーグル,ウイング・イーグル
ウィング・エッグ・エルフ,ウィング・エッグ・エルフ
ウェザ,ウェザ
ウェザー・コントロール,ウェザー・コントロール
ウェザー・レポート,ウェザー・レポート
ウォー・アース,ウォー・アース
ウォーター・エレメント,ウォーター・エレメント
ウォーター・ガール,ウォーター・ガール
ウォーターワールド,ウォーターワールド
ウォール・シャドウ,ウォール・シャドウ
牛鬼,うしおに
美しき魔物使い,うつくしきまものつかい
ウッド・ジョーカー,ウッド・ジョーカー
移り気な仕立屋,うつりぎなしたてや
海原の女戦士,うなばらのおんなせんし
海,うみ
海を守る戦士,うみをまもるせんし
ウンディーネ,ウンディーネ
運命のろうそく,うんめいのろうそく
エア・イーター,エア・イーター
永遠の渇水,えいえんのかっすい
疫病ウィルス　ブラックダスト,えきびょうウィルス　ブラックダスト
エクスチェンジ,エクスチェンジ
エビルナイト・ドラゴン,エビルナイト・ドラゴン
選ばれし者,えらばれしもの
エルディーン,エルディーン
エルフの剣士,エルフのけんし
エルフの光,エルフのひかり
エレキッズ,エレキッズ
エレクトリック・スネーク,エレクトリック・スネーク
援軍,えんぐん
エンジェル・魔女,エンジェル・まじょ
エンシェント・エルフ,エンシェント・エルフ
エンゼル・イヤーズ,エンゼル・イヤーズ
追い剥ぎゴブリン,おいはぎゴブリン
王宮のお触れ,おうきゅうのおふれ
王宮の号令,おうきゅうのごうれい
王宮の勅命,おうきゅうのちょくめい
王座の守護者,おうざのしゅごしゃ
王座の侵略者,おうざのしんりゃくしゃ
王室前のガーディアン,おうしつまえのガーディアン
押収,おうしゅう
王の右手の栄光,おうのみぎてのえいこう
大嵐,おおあらし
オオカミ,オオカミ
大食いグール,おおぐいグール
大騒動,おおそうどう
オクトバーサー,オクトバーサー
オシリスの天空竜,オシリスのてんくうりゅう
オシロ・ヒーロー,オシロ・ヒーロー
落とし穴,おとしあな
音女,オトメ
踊りによる誘発,おどりによるゆうはつ
おとり人形,おとりにんぎょう
鬼タンクＴ－３４,おにタンクＴ－３４
オベリスクの巨神兵,オベリスクのきょしんへい
女剣士カナン,おんなけんしカナン
怨念集合体,おんねんしゅうごうたい
陰陽師　タオ,おんみょうし　タオ
怨霊の湿地帯,おんりょうのしっちたい
ガーゴイル,ガーゴイル
ガーゴイル・パワード,ガーゴイル・パワード
カース・オブ・ドラゴン,カース・オブ・ドラゴン
カードを狩る死神,カードをかるしにがみ
ガーネシア・エレファンティス,ガーネシア・エレファンティス
ガイアパワー,ガイアパワー
絵画に潜む者,かいがにひそむもの
カイザー・ドラゴン,カイザー・ドラゴン
海賊船スカルブラッド号,かいぞくせんスカルブラッドごう
カウンターパンチ,カウンターパンチ
カエルスライム,カエルスライム
火炎地獄,かえんじごく
火炎草,かえんそう
カオス・ウィザード,カオス・ウィザード
カオス－黒魔術の儀式,カオス－くろまじゅつのぎしき
カオス・ソルジャー,カオス・ソルジャー
カオスの儀式,カオスのぎしき
カオスポッド,カオスポッド
科学特殊兵,かがくとくしゅへい
火器付機甲鎧,かきつきインセクトアーマー
覚醒,かくせい
カクタス,カクタス
格闘戦士アルティメーター,かくとうせんしアルティメーター
革命,かくめい
ガジェット・ソルジャー,ガジェット・ソルジャー
風の精霊,かぜのせいれい
風の精霊　ガルーダ,かぜのせいれい　ガルーダ
風の番人　ジン,かぜのばんにん　ジン
カタパルト・タートル,カタパルト・タートル
カッター・ロボ,カッター・ロボ
ガトリングバギー,ガトリングバギー
カニカブト,カニカブト
ガニグモ,ガニグモ
カマキラー,カマキラー
雷ウナギ,かみなりウナギ
雷仙人,かみなりせんにん
神の息吹,かみのいぶき
神の宣告,かみのせんこく
神の恵み,かみのめぐみ
亀の誓い,かめのちかい
仮面呪術師カースド・ギュラ,かめんじゅじゅつしカースド・ギュラ
仮面道化,かめんどうけ
仮面魔獣デス・ガーディウス,かめんまじゅうデス・ガーディウス
仮面魔獣の儀式,かめんまじゅうのぎしき
仮面魔獣マスクド・ヘルレイザー,かめんまじゅうマスクド・ヘルレイザー
仮面魔道士,かめんまどうし
カラクリ蜘蛛,カラクリグモ
カラス天狗,カラスてんぐ
ガラスの鎧,ガラスのよろい
カラテマン,カラテマン
ガルーザス,ガルーザス
ガルヴァス,ガルヴァス
カルボナーラ戦士,カルボナーラせんし
ガルマソード,ガルマソード
ガルマソードの誓い,ガルマソードのちかい
岩窟魔人オーガ・ロック,がんくつまじんオーガ・ロック
岩石カメッター,がんせきカメッター
岩石の巨兵,がんせきのきょへい
岩石の精霊,がんせきのせいれい
冠を戴く蒼き翼,かんむりをいただくあおきつばさ
ガンロック,ガンロック
キーメイス,キーメイス
機械王,きかいおう
機械改造工場,きかいかいぞうこうじょう
機械の巨兵,きかいのきょへい
機械の兵隊,きかいのへいたい
ギガテック・ウルフ,ギガテック・ウルフ
ギガント,ギガント
寄生虫パラサイド,きせいちゅうパラサイド
奇跡の発掘,きせきのはっくつ
北風と太陽,きたかぜとたいよう
きのこマン,きのこマン
きまぐれの女神,きまぐれのめがみ
逆転の女神,ぎゃくてんのめがみ
青虫,キャタピラー
キャッツ・フェアリー,キャッツ・フェアリー
キャット・レディ,キャット・レディ
キャノン・ソルジャー,キャノン・ソルジャー
ギャンブル,ギャンブル
究極完全態・グレート・モス,きゅうきょくかんぜんたい・グレート・モス
吸血ノミ,きゅうけつノミ
旧神の印,きゅうしんのいん
牛魔人,ぎゅうまじん
強制接収,きょうせいせっしゅう
凶暴化の仮面,きょうぼうかのかめん
恐竜人,きょうりゅうじん
魚ギョ戦士,ギョギョせんし
巨大化,きょだいか
巨大な怪鳥,きょだいなかいちょう
巨大ネズミ,きょだいネズミ
キラー・ザ・クロー,キラー・ザ・クロー
キラー・スネーク,キラー・スネーク
キラー・トマト,キラー・トマト
キラーパンダ,キラーパンダ
キラー・ビー,キラー・ビー
キラー・ブロッブ,キラー・ブロッブ
キラー・マシーン,キラー・マシーン
ギロチン・クワガタ,ギロチン・クワガタ
金色の魔象,きんいろのまぞう
キング・スモーク,キング・スモーク
禁止令,きんしれい
金属探知器,きんぞくたんちき
銀の弓矢,ぎんのゆみや
銀幕の鏡壁,ぎんまくのミラーウォール
クイーン・バード,クイーン・バード
くいぐるみ,くいぐるみ
鎖付きブーメラン,くさりつきブーメラン
クジャック,クジャック
苦渋の選択,くじゅうのせんたく
くちばしヘビ,くちばしヘビ
首なし騎士,くびなしきし
蜘蛛男,クモおとこ
海月－ジェリーフィッシュ－,くらげ－ジェリーフィッシュ－
クラッシュマン,クラッシュマン
グラップラー,グラップラー
グラヴィティ・バインド－超重力の網－,グラヴィティ・バインド－ちょうじゅうりょくのあみ－
クラブ・タートル,クラブ・タートル
グリグル,グリグル
グリズリーマザー,グリズリーマザー
クリッター,クリッター
グリフォール,グリフォール
グリフォンの翼,グリフォンのつばさ
クリボー,クリボー
クリボートークン,クリボートークン
クレイジー・フィッシュ,クレイジー・フィッシュ
グレード・ビル,グレード・ビル
グレート・ホワイト,グレート・ホワイト
グレート・モス,グレート・モス
クレセント・ドラゴン,クレセント・ドラゴン
グレムリン,グレムリン
紅蓮の女守護兵,ぐれんのおんなしゅごへい
黒い影の鬼王,くろいかげのオーガ
黒き人食い鮫,くろきひとくいザメ
黒き森のウィッチ,くろきもりのウィッチ
クロコダイラス,クロコダイラス
グロス,グロス
クロス・ソウル,クロス・ソウル
黒魔術のカーテン,くろまじゅつのカーテン
黒魔族のカーテン,くろまぞくのカーテン
クワガー・ヘラクレス,クワガー・ヘラクレス
クワガタ・アルファ,クワガタ・アルファ
ゲート・ガーディアン,ゲート・ガーディアン
ゲート・キーパー,ゲート・キーパー
ゲール・ドグラ,ゲール・ドグラ
激流葬,げきりゅうそう
幻影の壁,げんえいのかべ
幻影の妖精,げんえいのようせい
検閲,けんえつ
厳格な老魔術師,げんかくなろうまじゅつし
幻獣王ガゼル,げんじゅうおうガゼル
幻想召喚師,げんそうしょうかんし
ケンタウロス,ケンタウロス
幻惑の巻物,げんわくのまきもの
強引な番兵,ごういんなばんぺい
攻撃の無力化,こうげきのむりょくか
『攻撃』封じ,『こうげき』ふうじ
恍惚の人魚,こうこつのマーメイド
強奪,ごうだつ
鋼鉄の巨神像,こうてつのきょしんぞう
荒野,こうや
紅陽鳥,こうようちょう
紅葉の女王,こうようのじょおう
強欲な瓶,ごうよくなかめ
強欲な壺,ごうよくなつぼ
ゴーゴン・エッグ,ゴーゴン・エッグ
ゴースト,ゴースト
ゴースト王－パンプキング－,ゴーストおう－パンプキング－
氷水,こおりみず
コカローチ・ナイト,コカローチ・ナイト
ゴキボール,ゴキボール
黒衣の大賢者,こくいのだいけんじゃ
コケ,コケ
心変わり,こころがわり
コスモクイーン,コスモクイーン
古代の遠眼鏡,こだいのとおめがね
古代のトカゲ戦士,こだいのトカゲせんし
古代魔導士,こだいまどうし
コトダマ,コトダマ
コピックス,コピックス
ゴブリン突撃部隊,ゴブリンとつげきぶたい
ゴブリンの小役人,ゴブリンのこやくにん
ゴブリンの秘薬,ゴブリンのひやく
コマンダー,コマンダー
ゴルゴイル,ゴルゴイル
コロガーシ,コロガーシ
サイガー,サイガー
細菌感染,さいきんかんせん
サイクロプス,サイクロプス
サイクロン,サイクロン
サイクロンレーザー,サイクロンレーザー
サイコ・カッパー,サイコ・カッパー
最終戦争,さいしゅうせんそう
サイバーポッド,サイバーポッド
サイバー・ボンテージ,サイバー・ボンテージ
サイバティック・ワイバーン,サイバティック・ワイバーン
サイファー・スカウター,サイファー・スカウター
サイボーグ・バス,サイボーグ・バス
催眠術,さいみんじゅつ
サウザンド・アイズ・サクリファイス,サウザンド・アイズ・サクリファイス
千年竜,サウザンド・ドラゴン
千本ナイフ,サウザンドナイフ
サキュバス・ナイト,サキュバス・ナイト
サクリファイス,サクリファイス
砂塵の大竜巻,さじんのおおたつまき
サターナ,サターナ
電磁ミノ虫,ザックトレーガー・マグネ
悟りの老樹,さとりのろうじゅ
裁きの鷹,さばきのタカ
裁きを下す女帝,さばきをくだすじょてい
サファイヤ・リサーク,サファイヤ・リサーク
さまよえる亡者,さまよえるもうじゃ
サラマンドラ,サラマンドラ
ザリガン,ザリガン
斬首の美女,ざんしゅのびじょ
サンダー・キッズ,サンダー・キッズ
サンダー・ドラゴン,サンダー・ドラゴン
サンダー・ボルト,サンダー・ボルト
砂の魔女,サンド・ウィッチ
サンド・ストーン,サンド・ストーン
酸の嵐,さんのあらし
３万年の白亀,３まんねんのしろカメ
シーカーメン,シーカーメン
海の竜王,シー・キング・ドラゴン
シーザリオン,シーザリオン
シーホース,シーホース
紫炎の影武者,シエンのかげむしゃ
屍を貪る竜,しかばねをむさぼるりゅう
自業自得,じごうじとく
地獄の裁判,じごくのさいばん
磁石の戦士マグネット・バルキリオン,じしゃくのせんしマグネット・バルキリオン
死者蘇生,ししゃそせい
死者の腕,ししゃのうで
死者の生還,ししゃのせいかん
死者への供物,ししゃへのくもつ
死者への手向け,ししゃへのたむけ
漆黒の豹戦士パンサーウォリアー,しっこくのひょうせんしパンサーウォリアー
疾風の暗黒騎士ガイア,しっぷうのあんこくきしガイア
死神のドクロイゾ,しにがみのドクロイゾ
死神ブーメラン,しにがみブーメラン
死の沈黙の天使　ドマ,しのちんもくのてんし　ドマ
死のデッキ破壊ウイルス,しのデッキはかいウイルス
死のマジック・ボックス,しのマジック・ボックス
死のメッセージ「Ｅ」,しのメッセージ「イー」
死のメッセージ「Ｈ」,しのメッセージ「エイチ」
死のメッセージ「Ａ」,しのメッセージ「エー」
死のメッセージ「Ｔ」,しのメッセージ「ティー」
死の４つ星てんとう虫,しの４つほしてんとうムシ
地盤沈下,じばんちんか
慈悲深き修道女,じひぶかきしゅうどうじょ
しびれ薬,しびれぐすり
シフトチェンジ,シフトチェンジ
島亀,しまガメ
邪悪な儀式,じゃあくなぎしき
邪悪なるワーム・ビースト,じゃあくなるワーム・ビースト
ジャイアントウィルス,ジャイアントウィルス
シャイン・アビス,シャイン・アビス
シャインエンジェル,シャインエンジェル
シャイン・キャッスル,シャイン・キャッスル
シャインスパーク,シャインスパーク
邪炎の翼,じゃえんのつばさ
弱体化の仮面,じゃくたいかのかめん
灼熱の槍,しゃくねつのやり
ジャグラー,ジャグラー
邪剣男爵,じゃけんだんしゃく
ジャジメント・ザ・ハンド,ジャジメント・ザ・ハンド
ジャッジ・マン,ジャッジ・マン
シャドウ・グール,シャドウ・グール
シャドウ・ファイター,シャドウ・ファイター
ジャベリンビートル,ジャベリンビートル
ジャベリンビートルの契約,ジャベリンビートルのけいやく
シャベル・クラッシャー,シャベル・クラッシャー
１３人目の埋葬者,１３にんめのまいそうしゃ
執念の剣,しゅうねんのつるぎ
守護霊のお守り,しゅごれいのおまもり
呪魂の仮面,じゅこんのかめん
『守備』封じ,『しゅび』ふうじ
俊足のギラザウルス,しゅんそくのギラザウルス
昇天の角笛,しょうてんのつのぶえ
成仏,じょうぶつ
城壁,じょうへき
昇霊術師　ジョウゲン,しょうれいじゅつし　ジョウゲン
女王の影武者,じょおうのかげむしゃ
女帝カマキリ,じょていカマキリ
地雷蜘蛛,じらいグモ
地雷獣,じらいじゅう
死霊の誘い,しりょうのいざない
死霊の巣,しりょうのす
死霊伯爵,しりょうはくしゃく
磁力の指輪,じりょくのゆびわ
シルバー・フォング,シルバー・フォング
地割れ,じわれ
深淵に咲く花,しんえんにさくはな
深淵の冥王,しんえんのめいおう
深海に潜むサメ,しんかいにひそむサメ
深海の戦士,しんかいのせんし
進化の繭,しんかのまゆ
心眼の女神,しんがんのめがみ
神魚,しんぎょ
真実の眼,しんじつのめ
人造人間－サイコ・ショッカー,じんぞうにんげん－サイコ・ショッカー
人造人間７号,じんぞうにんげん７ごう
水魔神－スーガ,すいましん－スーガ
水陸の帝王,すいりくのていおう
水陸両用バグロス,すいりくりょうようバグロス
スーパー・ウォー・ライオン,スーパー・ウォー・ライオン
スーパースター,スーパースター
天空竜,スカイ・ドラゴン
スカイ・ハンター,スカイ・ハンター
スカルビショップ,スカルビショップ
スカルライダー,スカルライダー
スカルライダーの復活,スカルライダーのふっかつ
スケープ・ゴート,スケープ・ゴート
スケルエンジェル,スケルエンジェル
スケルゴン,スケルゴン
スコール,スコール
朱雀,すざく
スター・ボーイ,スター・ボーイ
スティング,スティング
ストーン・アルマジラー,ストーン・アルマジラー
ストーン・ゴースト,ストーン・ゴースト
ストーンジャイアント,ストーンジャイアント
ストーン・ドラゴン,ストーン・ドラゴン
スネーク・パーム,スネーク・パーム
スパイクシードラ,スパイクシードラ
スパイク・ヘッド,スパイク・ヘッド
素早いモモンガ,すばやいモモンガ
スピック,スピック
スフィア・ボム　球体時限爆弾,スフィア・ボム　きゅうたいじげんばくだん
スフィラスレディ,スフィラスレディ
スライム増殖炉,スライムぞうしょくろ
スライムモンスタートークン,スライムモンスタートークン
スリーピィ,スリーピィ
スロットマシーンＡＭ－７,スロットマシーンエーエム－７
聖域の歌声,せいいきのうたごえ
生還の宝札,せいかんのほうさつ
聖女ジャンヌ,せいじょジャンヌ
精神寄生体,せいしんきせいたい
正々堂々,せいせいどうどう
聖なる輝き,せいなるかがやき
聖なる鎖,せいなるくさり
聖なるバリア－ミラーフォース－,せいなるバリア　－ミラーフォース－
精霊の鏡,せいれいのかがみ
セイレーン,セイレーン
セイント・バード,セイント・バード
聖なる魔術師,セイント・マジシャン
世界の平定,せかいのへいてい
隻眼のホワイトタイガー,せきがんのホワイトタイガー
絶対防御将軍,ぜったいぼうぎょしょうぐん
７カード,セブンカード
セベクの祝福,セベクのしゅくふく
ゼミアの神,ゼミアのかみ
ゼラ,ゼラ
ゼラの儀式,ゼラのぎしき
セレモニーベル,セレモニーベル
零式魔導粉砕機,ゼロしきまどうふんさいき
千眼の邪教神,せんがんのじゃきょうしん
穿孔虫,せんこうちゅう
戦士抹殺,せんしまっさつ
センジュ・ゴッド,センジュ・ゴッド
戦場の死装束,せんじょうのしにしょうぞく
千年原人,せんねんげんじん
千年ゴーレム,せんねんゴーレム
千年の盾,せんねんのたて
草原,そうげん
増殖,ぞうしょく
双頭の雷龍,そうとうのサンダー・ドラゴン
ソウル・ハンター,ソウル・ハンター
剣竜,ソード・ドラゴン
ソードハンター,ソードハンター
ゾーン・イーター,ゾーン・イーター
ソニックバード,ソニックバード
そよ風の精霊,そよかぜのせいれい
空の昆虫兵,そらのこんちゅうへい
ソリテュード,ソリテュード
ソロモンの律法書,ソロモンのりっぽうしょ
ゾンビランプ,ゾンビランプ
闇の芸術家,ダーク・アーティスト
ダーク・アイズ・イリュージョニスト,ダーク・アイズ・イリュージョニスト
ダーク・エルフ,ダーク・エルフ
ダーク・キメラ,ダーク・キメラ
ダークキラー,ダークキラー
ダーク・グレイ,ダーク・グレイ
ダークシェイド,ダークシェイド
ダークゼブラ,ダークゼブラ
ダークゾーン,ダークゾーン
Ｄ・ナポレオン,ダーク・ナポレオン
ダーク・ネクロフィア,ダーク・ネクロフィア
ダークバット,ダークバット
ダーク・ヒーロー　ゾンバイア,ダーク・ヒーロー　ゾンバイア
ダークファミリア,ダークファミリア
ダーク・プラント,ダーク・プラント
ダーク・プリズナー,ダーク・プリズナー
ダーク・ラビット,ダーク・ラビット
タートル・タイガー,タートル・タイガー
タートル・狸,タートル・たぬき
タートル・バード,タートル・バード
大王目玉,だいおうめだま
体温の上昇,たいおんのじょうしょう
タイガー・アックス,タイガー・アックス
大寒波,だいかんぱ
太古の壷,たいこのつぼ
ダイス・アルマジロ,ダイス・アルマジロ
大砲だるま,たいほうだるま
タイホーン,タイホーン
タイム・ボマー,タイム・ボマー
ダイヤモンド・ドラゴン,ダイヤモンド・ドラゴン
タクヒ,タクヒ
タクリミノス,タクリミノス
戦いの神　オリオン,たたかいのかみ　オリオン
堕天使マリー,だてんしマリー
頼もしき守護者,たのもしきしゅごしゃ
魂の解放,たましいのかいほう
魂を狩る者,たましいをかるもの
魂を喰らう者　バズー,たましいをくらうもの　バズー
舌魚,たんぎょ
団結の力,だんけつのちから
誕生の天使,たんじょうのてんし
ダンジョン・ワーム,ダンジョン・ワーム
ダンシング・エルフ,ダンシング・エルフ
ダンシング・ソルジャー,ダンシング・ソルジャー
踊る妖精,ダンシングフェアリー
連鎖破壊,チェーン・デストラクション
ヂェミナイ・エルフ,ヂェミナイ・エルフ
チェンジ・スライム,チェンジ・スライム
地殻変動,ちかくへんどう
力の集約,ちからのしゅうやく
血の代償,ちのだいしょう
チャクラ,チャクラ
チャクラの復活,チャクラのふっかつ
昼夜の大火事,ちゅうやのおおかじ
超時空戦闘機ビック・バイパー,ちょうじくうせんとうきビック・バイパー
治療の神　ディアン・ケト,ちりょうのかみ　ディアン・ケト
地を這うドラゴン,ちをはうドラゴン
沈黙の邪悪霊,ちんもくのダーク・スピリット
ツインテール,ツインテール
通行税,つうこうぜい
二つの口を持つ闇の支配者,ツーマウス・ダークルーラー
月明かりの乙女,つきあかりのおとめ
月の使者,つきのししゃ
月の女神　エルザェム,つきのめがみ　エルザェム
翼を織りなす者,つばさをおりなすもの
壺魔人,つぼまじん
剣の女王,つるぎのじょおう
ツルプルン,ツルプルン
ツンドラの大蠍,ツンドラのおおサソリ
ＤＮＡ改造手術,ＤＮＡかいぞうしゅじゅつ
ＴＭ－１ランチャースパイダー,ＴＭ－１ランチャースパイダー
ディスク・マジシャン,ディスク・マジシャン
停戦協定,ていせんきょうてい
ディッグ・ビーク,ディッグ・ビーク
ディフェンド・スライム,ディフェンド・スライム
悪魔の鏡,デーモンズ・ミラー
デーモンの斧,デーモンのおの
デーモンの召喚,デーモンのしょうかん
デーモン・ビーバー,デーモン・ビーバー
デザートストーム,デザートストーム
デス・ストーカー,デス・ストーカー
デス・ソーサラー,デス・ソーサラー
デス・バード,デス・バード
デスハムスター,デスハムスター
デス・フット,デス・フット
デッド・シャーク,デッド・シャーク
鉄の騎士　ギア・フリード,てつのきし　ギア・フリード
鉄のサソリ,てつのサソリ
鉄腕ゴーレム,てつわんゴーレム
デビル・クラーケン,デビル・クラーケン
悪魔の調理師,デビル・コック
デビル・スネーク,デビル・スネーク
デビルズ・ミラー,デビルズ・ミラー
デビルゾア,デビルゾア
デビルツムリ,デビルツムリ
デビル・ドラゴン,デビル・ドラゴン
デビル・フランケン,デビル・フランケン
デビル・ボックス,デビル・ボックス
手札抹殺,てふだまっさつ
手招きする墓場,てまねきするはかば
デュナミス・ヴァルキリア,デュナミス・ヴァルキリア
でんきトカゲ,でんきトカゲ
天狗のうちわ,てんぐのうちわ
電撃鞭,でんげきむち
天使の生き血,てんしのいきち
天使のサイコロ,てんしのサイコロ
天使の手鏡,てんしのてかがみ
天使の施し,てんしのほどこし
転職の魔鏡,てんしょくのまきょう
伝説の剣,でんせつのけん
伝説のフィッシャーマン,でんせつのフィッシャーマン
テンタクル・プラント,テンタクル・プラント
テンダネス,テンダネス
トゥーン・アリゲーター,トゥーン・アリゲーター
トゥーン・デーモン,トゥーン・デーモン
トゥーン・ドラゴン・エッガー,トゥーン・ドラゴン・エッガー
トゥーン・マーメイド,トゥーン・マーメイド
トゥーン・ワールド,トゥーン・ワールド
盗賊の七つ道具,とうぞくのななつどうぐ
東方の英雄,とうほうのえいゆう
トードマスター,トードマスター
ドーピング,ドーピング
時の機械－タイム・マシーン,ときのきかい－タイム・マシーン
刻の封印,ときのふういん
時の魔術師,ときのまじゅつし
時の魔人　ネクロランサ,ときのまじん　ネクロランサ
毒蛇の牙,どくへびのきば
髑髏の寺院,ドクロのじいん
トゲトゲ神の殺虫剤,トゲトゲしんのさっちゅうざい
突進,とっしん
突風,とっぷう
突風の扇,とっぷうのおうぎ
ドッペルゲンガー,ドッペルゲンガー
轟きの大海蛇,とどろきのおおうみへび
トビペンギン,トビペンギン
トモザウルス,トモザウルス
トライホーン・ドラゴン,トライホーン・ドラゴン
トラコドン,トラコドン
竜魂の力,ドラゴニック・フォース
ドラゴヒューマン,ドラゴヒューマン
ドラゴン・エッガー,ドラゴン・エッガー
竜殺者,ドラゴン・キラー
竜魂の石像,ドラゴン・ソウル・スタチュー
ドラゴン族・封印の壺,ドラゴンぞく・ふういんのつぼ
ドラゴン・ゾンビ,ドラゴン・ゾンビ
ドラゴンに乗るワイバーン,ドラゴンにのるワイバーン
ドラゴンの秘宝,ドラゴンのひほう
ドラゴンフライ,ドラゴンフライ
ドラゴンを呼ぶ笛,ドラゴンをよぶふえ
トラップ・マスター,トラップ・マスター
ドリアード,ドリアード
ドリーム・ピエロ,ドリーム・ピエロ
砦を守る翼竜,とりでをまもるよくりゅう
竜巻海流壁,トルネードウォール
トルネード・バード,トルネード・バード
ドレイク,ドレイク
トレント,トレント
ドローバ,ドローバ
ドローン,ドローン
とろける赤き影,とろけるあかきかげ
泥に潜み棲むもの,どろにひそみすむもの
ナイトメア・スコーピオン,ナイトメア・スコーピオン
ナイト・リザード,ナイト・リザード
ナイル,ナイル
謎の傀儡師,なぞのくぐつし
なぞの手,なぞのて
成金ゴブリン,なりきんゴブリン
ニードル・ボール,ニードル・ボール
ニードルワーム,ニードルワーム
偽物のわな,にせもののわな
二頭を持つキング・レックス,にとうをもつキング・レックス
２人３脚ゾンビ,２にん３きゃくゾンビ
ニュート,ニュート
沼地の魔獣王,ぬまちのまじゅうおう
ねずみ取り,ねずみとり
首狩り魔人,ネック・ハンター
眠り子,ねむりこ
眠れる獅子,ねむれるシシ
粘着テープの家,ねんちゃくテープのいえ
呪われし魔剣,のろわれしまけん
バーグラー,バーグラー
バーサーカー,バーサーカー
ハードアーマー,ハードアーマー
バードマン,バードマン
バーニングソルジャー,バーニングソルジャー
バーニングブラッド,バーニングブラッド
バーバリアン１号,バーバリアン１ごう
バーバリアン２号,バーバリアン２ごう
ハーピィズペット竜,ハーピィズペットドラゴン
ハーピィの羽根帚,ハーピィのはねぼうき
ハーピィ・レディ,ハーピィ・レディ
ハーピィ・レディ・ＳＢ,ハーピィ・レディ・サイバー・ボンテージ
ハーピィ・レディ三姉妹,ハーピィ・レディさんしまい
ハープの精,ハープのせい
バイオ僧侶,バイオそうりょ
Ｂ・プラント,バイオ・プラント
ハイ・プリーステス,ハイ・プリーステス
墓荒らし,はかあらし
墓荒らしの報い,はかあらしのむくい
破壊神　ヴァサーゴ,はかいしん　ヴァサーゴ
破壊のゴーレム,はかいのゴーレム
破壊輪,はかいりん
はがねの甲羅,はがねのこうら
墓場からの呼び声,はかばからのよびごえ
墓掘りグール,はかほりグール
墓守の使い魔,はかもりのつかいま
白衣の天使,はくいのてんし
爆弾かめ虫,ばくだんかめムシ
白兵戦,はくへいせん
はさみ撃ち,はさみうち
バスター・ブレイダー,バスター・ブレイダー
裸の王様,はだかのおうさま
薄幸の美少女,はっこうのびしょうじょ
バット,バット
ハッピー・ラヴァー,ハッピー・ラヴァー
パトロール・ロボ,パトロール・ロボ
はにわ,はにわ
ハネハネ,ハネハネ
バビロン,バビロン
バフォメット,バフォメット
早すぎた埋葬,はやすぎたまいそう
隼の騎士,はやぶさのきし
バラに棲む悪霊,バラにすむあくりょう
ハリケーン,ハリケーン
ハリケル,ハリケル
バロックス,バロックス
パロット・ドラゴン,パロット・ドラゴン
半魚獣・フィッシャービースト,はんぎょじゅう・フィッシャービースト
ハングリーバーガー,ハングリーバーガー
ハンター・スパイダー,ハンター・スパイダー
万能地雷グレイモヤ,ばんのうじらいグレイモヤ
ハンバーガーのレシピ,ハンバーガーのレシピ
火あぶりの刑,ひあぶりのけい
ビーン・ソルジャー,ビーン・ソルジャー
光の護封剣,ひかりのごふうけん
光の追放者,ひかりのついほうしゃ
光の角,ひかりのつの
光の封札剣,ひかりのふうさつけん
ピクシーガーディアン,ピクシーガーディアン
秘術の書,ひじゅつのしょ
ヒステリック天使,ヒステリックエンジェル
ビック・アント,ビック・アント
ビッグ・シールド・ガードナー,ビッグ・シールド・ガードナー
ビッグバンガール,ビッグバンガール
ビッグバンドラゴン,ビッグバンドラゴン
羊トークン,ひつじ トークン
人喰い植物,ひとくいしょくぶつ
人喰い宝石箱,ひとくいほうせきばこ
人喰い虫,ひとくいムシ
ヒトデンチャク,ヒトデンチャク
火の粉,ひのこ
響女,ヒビキメ
ヒューマノイド・スライム,ヒューマノイド・スライム
ヒューマノイド・ドレイク,ヒューマノイド・ドレイク
氷,ヒョウ
秒殺の暗殺者,びょうさつのあんさつしゃ
ひょうすべ,ひょうすべ
避雷針,ひらいしん
便乗,びんじょう
ファイヤー・アイ,ファイヤー・アイ
ファイヤー・ウイング・ペガサス,ファイヤー・ウイング・ペガサス
ファイヤー・クラーケン,ファイヤー・クラーケン
ファイヤーソーサラー,ファイヤーソーサラー
ファイヤー・デビル,ファイヤー・デビル
ファイヤー・ボール,ファイヤー・ボール
ファランクス,ファランクス
ヴァルキリー,ヴァルキリー
ヴァンパイア・ベビー,ヴァンパイア・ベビー
ヴィシュワ・ランディー,ヴィシュワ・ランディー
封印されしエクゾディア,ふういんされしエクゾディア
封印されし者の左足,ふういんされしもののひだりあし
封印されし者の左腕,ふういんされしもののひだりうで
封印されし者の右足,ふういんされしもののみぎあし
封印されし者の右腕,ふういんされしもののみぎうで
封印の鎖,ふういんのくさり
ブークー,ブークー
風魔神－ヒューガ,ふうましん－ヒューガ
フェアリー・ドラゴン,フェアリー・ドラゴン
フォース,フォース
フォースフィールド,フォースフィールド
フォロー・ウィンド,フォロー・ウィンド
孵化,ふか
深き森の長老,ふかきもりのちょうろう
復讐のカッパ,ふくしゅうのカッパ
復讐のソード・ストーカー,ふくしゅうのソード・ストーカー
プチテンシ,プチテンシ
プチモス,プチモス
プチリュウ,プチリュウ
物資調達員,ぶっしちょうたついん
フュージョニスト,フュージョニスト
フュージョン・ゲート,フュージョン・ゲート
フライング・フィッシュ,フライング・フィッシュ
フライングマンティス,フライングマンティス
ブラキオレイドス,ブラキオレイドス
プラグティカル,プラグティカル
ブラック・デーモンズ・ドラゴン,ブラック・デーモンズ・ドラゴン
黒いペンダント,ブラック・ペンダント
ブラック・ホール,ブラック・ホール
ブラック・マジシャン,ブラック・マジシャン
ブラック・マジシャン・ガール,ブラック・マジシャン・ガール
ブラッド・ヴォルス,ブラッド・ヴォルス
フラワー・ウルフ,フラワー・ウルフ
振り子刃の拷問機械,ふりこやいばのごうもんきかい
プリズマン,プリズマン
プリヴェント・ラット,プリヴェント・ラット
プリンセス人魚,プリンセスにんぎょ
青眼の究極竜,ブルーアイズ・アルティメットドラゴン
ブルーアイズ・トゥーン・ドラゴン,ブルーアイズ・トゥーン・ドラゴン
青眼の白龍,ブルーアイズ・ホワイト・ドラゴン
青眼の銀ゾンビ,ブルーアイド・シルバーゾンビ
青い忍者,ブルーにんじゃ
ブルー・ポーション,ブルー・ポーション
ブレイブ・シザー,ブレイブ・シザー
フレイムキラー,フレイムキラー
フレイム・ケルベロス,フレイム・ケルベロス
フレイム・ゴースト,フレイム・ゴースト
フレイムダンサー,フレイムダンサー
フレイム・ヴァイパー,フレイム・ヴァイパー
ブレードフライ,ブレードフライ
フレンドシップ,フレンドシップ
ブロッカー,ブロッカー
ペイルビースト,ペイルビースト
平和の使者,へいわのししゃ
昆虫人間,ベーシック・インセクト
ベビー・ティーレックス,ベビー・ティーレックス
ベビードラゴン,ベビードラゴン
ベヒゴン,ベヒゴン
ヘラクレス・ビートル,ヘラクレス・ビートル
ヘルゲート・ディーグ,ヘルゲート・ディーグ
ヘルバウンド,ヘルバウンド
ペンギン・ソルジャー,ペンギン・ソルジャー
ペンギン・ナイト,ペンギン・ナイト
ボアソルジャー,ボアソルジャー
ホーリー・エルフ,ホーリー・エルフ
ホーリー・エルフの祝福,ホーリー・エルフのしゅくふく
神聖なる魂,ホーリーシャイン・ソウル
ホーリージャベリン,ホーリージャベリン
ホーリー・ドール,ホーリー・ドール
ホーリー・ナイト・ドラゴン,ホーリー・ナイト・ドラゴン
ホーリー・パワー,ホーリー・パワー
ボーンハイマー,ボーンハイマー
撲滅の使徒,ぼくめつのしと
補充要員,ほじゅうよういん
ポセイドンの力,ポセイドンのちから
ポット・ザ・トリック,ポット・ザ・トリック
骨ネズミ,ホネネズミ
炎の女暗殺者,ほのおのおんなあんさつしゃ
炎の騎士　キラー,ほのおのきし　キラー
炎の剣豪,ほのおのけんごう
炎の剣士,ほのおのけんし
炎の精霊　イフリート,ほのおのせいれい　イフリート
炎の魔神,ほのおのまじん
炎を操る者,ほのおをあやつるもの
炎を食らう大亀,ほのおをくらうおおガメ
ポルターガイスト,ポルターガイスト
ボルト・エスカルゴ,ボルト・エスカルゴ
ボルト・ペンギン,ボルト・ペンギン
ホログラー,ホログラー
白い泥棒,ホワイト・シーフ
ホワイト・ドルフィン,ホワイト・ドルフィン
ホワイト・ホール,ホワイト・ホール
本の精霊　ホーク・ビショップ,ほんのせいれい　ホーク・ビショップ
翻弄するエルフの剣士,ほんろうするエルフのけんし
マーダーサーカス,マーダーサーカス
マーダーサーカス・ゾンビ,マーダーサーカス・ゾンビ
マウンテン・ウォーリアー,マウンテン・ウォーリアー
魔界植物,まかいしょくぶつ
魔界のイバラ,まかいのイバラ
魔界の機械兵,まかいのきかいへい
魔霧雨,まきう
マキャノン,マキャノン
魔菌,まきん
マグナム・リリィ,マグナム・リリィ
マグネッツ１号,マグネッツ１ごう
マグネッツ２号,マグネッツ２ごう
磁石の戦士α,マグネット・ウォリアー・アルファ
磁石の戦士γ,マグネット・ウォリアー・ガンマ
磁石の戦士β,マグネット・ウォリアー・ベータ
マグマン,マグマン
マジカル・ゴースト,マジカル・ゴースト
マジカルシルクハット,マジカルシルクハット
マジシャン・オブ・ブラックカオス,マジシャン・オブ・ブラックカオス
マジックアーム・シールド,マジックアーム・シールド
マジック・ジャマー,マジック・ジャマー
魔法の筒,マジック・シリンダー
マジック・ドレイン,マジック・ドレイン
マジック・ランプ,マジック・ランプ
魔性の月,ましょうのつき
魔女狩り,まじょがり
マシン・アタッカー,マシン・アタッカー
魔人銃,マジンガン
魔人デスサタン,まじんデスサタン
魔人　テラ,まじん　テラ
マスター・アン・エキスパート,マスター・アン・エキスパート
魔装騎士ドラゴネス,まそうきしドラゴネス
マタンゴ,マタンゴ
抹殺の使徒,まっさつのしと
魔天老,まてんろう
魔導ギガサイバー,まどうギガサイバー
魔導騎士ギルティア,まどうきしギルティア
魔導師の力,まどうしのちから
魔頭を持つ邪竜,まとうをもつじゃりゅう
マハー・ヴァイロ,マハー・ヴァイロ
魔封じの芳香,まふうじのほうこう
マブラス,マブラス
魔法剣士ネオ,まほうけんしネオ
魔法除去,まほうじょきょ
魔法探査の石版,まほうたんさのせきばん
魔法のランプ,まほうのランプ
魔物の狩人,まもののかりうど
魔力吸収球体,まりょくきゅうしゅうきゅうたい
魔力の枷,まりょくのかせ
魔力の棘,まりょくのとげ
魔力無力化の仮面,まりょくむりょくかのかめん
マリン・ビースト,マリン・ビースト
マンイーター,マンイーター
万華鏡－華麗なる分身－,まんげきょう－かれいなるぶんしん－
マンモスの墓場,マンモスのはかば
味方殺しの女騎士,みかたごろしのおんなきし
右手に盾を左手に剣を,みぎてにたてをひだりてにけんを
未熟な悪魔,みじゅくなあくま
未熟な密偵,みじゅくなみってい
ミスターボルケーノ,ミスターボルケーノ
ミスター・ボンバー,ミスター・ボンバー
水の踊り子,みずのおどりこ
水の精霊　アクエリア,みずのせいれい　アクエリア
水の魔導師,みずのまどうし
満ち潮のマーマン,みちしおのマーマン
道連れ,みちづれ
三ツ首のギドー,みツくびのギドー
ミッドナイト・デビル,ミッドナイト・デビル
密林の黒竜王,みつりんのこくりゅうおう
見習い魔女,みならいまじょ
ミノケンタウロス,ミノケンタウロス
ミノタウルス,ミノタウルス
音楽家の帝王,ミュージシャン・キング
ミューズの天使,ミューズのてんし
ミラージュ,ミラージュ
ミリス・レディエント,ミリス・レディエント
魅惑の怪盗,みわくのかいとう
ムカムカ,ムカムカ
無限の手札,むげんのてふだ
無差別破壊,むさべつはかい
虫除けバリアー,むしよけバリアー
夢魔の亡霊,むまのぼうれい
紫水晶,むらさきすいしょう
冥界の番人,めいかいのばんにん
迷宮の魔戦車,めいきゅうのませんしゃ
迷宮壁－ラビリンス・ウォール－,めいきゅうへき－ラビリンス・ウォール－
迷宮変化,めいきゅうへんげ
メガザウラー,メガザウラー
メカ・ザウルス,メカ・ザウルス
メガ・サンダーボール,メガ・サンダーボール
メガソニック・アイ,メガソニック・アイ
メカニカルスネイル,メカニカルスネイル
メカ・ハンター,メカ・ハンター
メカファルコン,メカファルコン
メカレオン,メカレオン
メギラス・ライト,メギラス・ライト
恵みの雨,めぐみのあめ
メサイアの蟻地獄,メサイアのありじごく
女邪神ヌヴィア,めじゃしんヌヴィア
メタモルポット,メタモルポット
メタル・ガーディアン,メタル・ガーディアン
メタル化・魔法反射装甲,メタルか・まほうはんしゃそうこう
メタル・デビルゾア,メタル・デビルゾア
メタル・ドラゴン,メタル・ドラゴン
メタル・フィッシュ,メタル・フィッシュ
メテオ・ストライク,メテオ・ストライク
メテオ・ドラゴン,メテオ・ドラゴン
メテオ・ブラック・ドラゴン,メテオ・ブラック・ドラゴン
メデューサの亡霊,メデューサのぼうれい
メルキド四面獣,メルキドしめんじゅう
猛獣の歯,もうじゅうのは
猛進する剣角獣,もうしんするけんかくじゅう
猛吹雪,もうふぶき
モウヤンのカレー,モウヤンのカレー
燃えさかる大地,もえさかるだいち
物陰の協力者,ものかげのきょうりょくしゃ
ものマネ幻想師,ものマネげんそうし
森,もり
森の屍,もりのしかばね
森の住人　ウダン,もりのじゅうにん　ウダン
モリンフェン,モリンフェン
モンスター・アイ,モンスター・アイ
モンスター・エッグ,モンスター・エッグ
モンスター回収,モンスターかいしゅう
地獄の魔物使い,モンスター・テイマー
モンスタートル,モンスタートル
モンスターＢＯＸ,モンスターボックス
モン・ラーバス,モン・ラーバス
ヤシの木,ヤシのき
ヤドカリュー,ヤドカリュー
屋根裏の物の怪,やねうらのもののけ
山,やま
ヤマタノ竜絵巻,ヤマタノドラゴンえまき
ヤマドラン,ヤマドラン
山の精霊,やまのせいれい
闇,やみ
闇・エネルギー,やみ・エネルギー
闇からの呼び声,やみからのよびごえ
闇晦ましの城,やみくらましのしろ
闇・道化師のサギー,やみ・どうけしのサギー
闇にしたがう者,やみにしたがうもの
闇の暗殺者,やみのあんさつしゃ
闇の訪れ,やみのおとずれ
闇の仮面,やみのかめん
闇の呪縛,やみのじゅばく
闇の破神剣,やみのはしんけん
闇魔界の覇王,やみまかいのはおう
闇をかき消す光,やみをかきけすひかり
闇を司る影,やみをつかさどるかげ
ヤランゾ,ヤランゾ
遺言状,ゆいごんじょう
遺言の仮面,ゆいごんのかめん
勇気の砂時計,ゆうきのすなどけい
融合,ゆうごう
融合解除,ゆうごうかいじょ
融合賢者,ゆうごうけんじゃ
ＵＦＯタートル,ＵＦＯタートル
有翼幻獣キマイラ,ゆうよくげんじゅうキマイラ
誘惑のシャドウ,ゆうわくのシャドウ
弓を引くマーメイド,ゆみをひくマーメイド
陽気な葬儀屋,ようきなそうぎや
要塞クジラ,ようさいクジラ
要塞クジラの誓い,ようさいクジラのちかい
妖精王オベロン,ようせいおうオベロン
妖精の贈りもの,ようせいのおくりもの
ヨルムンガルド,ヨルムンガルド
鎧ネズミ,よろいネズミ
鎧武者斬鬼,よろいむしゃザンキ
鎧武者ゾンビ,よろいむしゃゾンビ
ラージマウス,ラージマウス
ラーの翼神竜,ラーのよくしんりゅう
ラーバス,ラーバス
ラーバモス,ラーバモス
ライオンの儀式,ライオンのぎしき
雷神の怒り,らいじんのいかり
雷魔神－サンガ,らいましん－サンガ
雷鳴,らいめい
ラムーン,ラムーン
ララ・ライウーン,ララ・ライウーン
ランドスターの剣士,ランドスターのけんし
ランプの魔人,ランプのまじん
ランプの魔精・ラ・ジーン,ランプのませい・ラ・ジーン
リクイド・ビースト,リクイド・ビースト
陸戦型　バグロス,りくせんがた　バグロス
リグラス・リーパー,リグラス・リーパー
リトル・キメラ,リトル・キメラ
海竜神,リバイアサン
リバイバルスライム,リバイバルスライム
リビングデッドの呼び声,リビングデッドのよびごえ
リボルバー・ドラゴン,リボルバー・ドラゴン
リミッター解除,リミッターかいじょ
竜騎士ガイア,りゅうきしガイア
竜殺しの剣,りゅうごろしのけん
硫酸のたまった落とし穴,りゅうさんのたまったおとしあな
緑樹の霊王,りょくじゅのれいおう
ルイーズ,ルイーズ
ルート・ウォーター,ルート・ウォーター
ルード・カイザー,ルード・カイザー
レア・フィッシュ,レア・フィッシュ
霊魂消滅,れいこんしょうめつ
霊滅術師　カイクウ,れいめつじゅつし　カイクウ
レインボー・フィッシュ,レインボー・フィッシュ
レインボー・フラワー,レインボー・フラワー
レインボー・マリン・マーメイド,レインボー・マリン・マーメイド
レーザー砲機甲鎧,レーザーキャノンアーマー
レオ・ウィザード,レオ・ウィザード
レオグン,レオグン
レッグル,レッグル
レッサー・ドラゴン,レッサー・ドラゴン
真紅眼の黒竜,レッドアイズ・ブラックドラゴン
レッドアイズ・ブラックメタルドラゴン,レッドアイズ・ブラックメタルドラゴン
レッド・エース,レッド・エース
レッド・ドラゴン,レッド・ドラゴン
レッド・ポーション,レッド・ポーション
女豹の傭兵,レディパンサー
ロイヤルガード,ロイヤルガード
ローガーディアン,ローガーディアン
ロード・オブ・ドラゴン－ドラゴンの支配者－,ロード・オブ・ドラゴン－ドラゴンのしはいしゃ－
ローの祈り,ローのいのり
六芒星の呪縛,ろくぼうせいのじゅばく
ロケット戦士,ロケットせんし
ロックメイス,ロックメイス
ワームドレイク,ワームドレイク
ワーム・ホール,ワーム・ホール
ワイト,ワイト
ワイバーン,ワイバーン
ワイバーンの戦士,ワイバーンのせんし
ワイルド・ラプター,ワイルド・ラプター
罠はずし,わなはずし
和睦の使者,わぼくのししゃ
笑う花,わらうハナ
一眼の盾竜,ワンアイド・シールドドラゴン
伝説の剣豪ＭＡＳＡＫＩ,でんせつのけんごう　マサキ
セイバーザウルス,セイバーザウルス
